iter	RMSE
0	58.06163095
75	44.7380633
150	41.8158384
225	40.40904368
300	39.52585102
375	38.82034949
450	38.22816047
499	37.85872958
